can_id_hex,can_id_dec,message_name,dlc,transmitter,cycle_time_ms,message_comment,signal_name,is_multiplexer,mux_val,start_bit,bit_length,byte_order,signed,factor,offset,min,max,unit,receivers,signal_comment,values
0x11A,282,x11A,8,VCM,,,JoystickGearPosition,False,,4,4,little,False,1.0,0.0,0.0,0.0,-,Vector__XXX,"(MSBits selected gear: 4 for D/B, 3 for N, 2 for R,0 for Parked)","{2: 'Reverse', 3: 'Neutral', 4: 'Drive/B', 0: 'Parked'}"
0x11A,282,x11A,8,VCM,,,CarOnOffStatus,False,,15,2,big,False,1.0,0.0,0.0,0.0,-,Vector__XXX,,"{4: 'CarOff', 8: 'CarOn'}"
0x11A,282,x11A,8,VCM,,,Mulitplexor,True,,48,8,little,False,1.0,0.0,0.0,0.0,,Vector__XXX,"0, 1, 2, 3",{}
0x11A,282,x11A,8,VCM,,,Unknown_11A_2_5,False,,21,3,big,False,1.0,0.0,0.0,0.0,,Vector__XXX,"00,04,80 observed here",{}
0x11A,282,x11A,8,VCM,,,HeartbeatVCM,False,,24,8,little,False,1.0,0.0,85.0,170.0,,Vector__XXX,,{}
0x11A,282,x11A,8,VCM,,,ECOselected,False,,12,1,little,False,1.0,0.0,0.0,0.0,,Vector__XXX,"If set, ECO mode is active and regen is increased",{}
0x11A,282,x11A,8,VCM,,,ELECTRIC_SHIFT_SYSTEM,False,,9,2,big,False,1.0,0.0,0.0,0.0,,Vector__XXX,,"{1: 'SBW_Trq_Down_Req', 3: 'ELECTRIC_SHIFT_SYSTEM', 0: 'NO_ERROR'}"
0x11A,282,x11A,8,VCM,,,Unknown_11A_2_2,False,,18,1,big,False,1.0,0.0,0.0,0.0,,Vector__XXX,,{}
0x11A,282,x11A,8,VCM,,,Unknown_11A_2_6,False,,22,1,big,False,1.0,0.0,0.0,0.0,,Vector__XXX,,{}
0x11A,282,x11A,8,VCM,,,Unknown_11A_2_7,False,,23,1,big,False,1.0,0.0,0.0,0.0,,Vector__XXX,,{}
0x11A,282,x11A,8,VCM,,,Unknown_11A_1_2,False,,10,1,big,False,1.0,0.0,0.0,0.0,,Vector__XXX,,{}
0x11A,282,x11A,8,VCM,,,Unknown_11A_1_3,False,,11,1,big,False,1.0,0.0,0.0,0.0,,Vector__XXX,,{}
0x1D4,468,x1D4,8,VCM,10.0,Vehicle Control Module (10ms),TargetMotorTorque,False,,23,12,big,True,0.25,0.0,0.0,1024.0,Nm,Vector__XXX,Requested Torque sent to inverter,{}
0x1D4,468,x1D4,8,VCM,10.0,Vehicle Control Module (10ms),HCM_CLOCK,False,,38,2,little,False,1.0,0.0,0.0,3.0,-,Vector__XXX,"PRUN Detection of frozen data. Message-PRUN-Diag. The transmitting node adds a message counter of 2bits or more to the end of the last data area (or just before the checksum). The value of the counter, which is initially 0, increments by one everytime new data is transmitted, and returned to zero when reaching the max value. The receiving node lets the first message pass without check, but for second next message and following, it check whether the counter number is different from the previous message.",{}
0x1D4,468,x1D4,8,VCM,10.0,Vehicle Control Module (10ms),StatusOfHighVoltagePowerSupply,False,,34,1,little,False,1.0,0.0,0.0,0.0,-,Vector__XXX,BTONFN,"{0: 'High Voltage not supplied', 1: 'High Voltage supplied'}"
0x1D4,468,x1D4,8,VCM,10.0,Vehicle Control Module (10ms),Relay_Plus_Output_Status,False,,46,1,little,False,1.0,0.0,0.0,0.0,-,Vector__XXX,RLYP,"{0: 'Main Relay Plus not output', 1: 'Main Relay Plus ON'}"
0x1D4,468,x1D4,8,VCM,10.0,Vehicle Control Module (10ms),CRC_1D4,False,,56,8,little,False,1.0,0.0,0.0,255.0,,Vector__XXX,,{}
0x1D4,468,x1D4,8,VCM,10.0,Vehicle Control Module (10ms),ChargeStatus,False,,52,5,big,False,1.0,0.0,0.0,255.0,MODEMASK,Vector__XXX,"During charging, the first 3 MSBs are high, and if user aborts charge, the highest MSB will go low. Useful for detecting that charge was interrupted by user unplugging the charge cable.","{140: 'Charging interrupted', 224: 'Charging'}"
0x1D4,468,x1D4,8,VCM,10.0,Vehicle Control Module (10ms),Motor_vibratin_const_stat,False,,45,2,big,False,1.0,0.0,0.0,0.0,,Vector__XXX,,{}
0x1D4,468,x1D4,8,VCM,10.0,Vehicle Control Module (10ms),Inhibitor_Pos,False,,42,2,big,False,1.0,0.0,0.0,0.0,,Vector__XXX,,"{0: 'NA', 1: 'R', 2: 'D', 3: 'P'}"
0x1D4,468,x1D4,8,VCM,10.0,Vehicle Control Module (10ms),Gear_shift_ingibitor_req,False,,55,2,big,False,1.0,0.0,0.0,0.0,,Vector__XXX,,{}
0x1D4,468,x1D4,8,VCM,10.0,Vehicle Control Module (10ms),MotorTqLimitUpper,False,,7,8,big,False,2.5,0.0,0.0,0.0,Nm,Vector__XXX,,{}
0x1D4,468,x1D4,8,VCM,10.0,Vehicle Control Module (10ms),MotorTqLimitLower,False,,15,8,big,False,-2.5,0.0,0.0,0.0,Nm,Vector__XXX,,{}
0x1D4,468,x1D4,8,VCM,10.0,Vehicle Control Module (10ms),BrakePedalPressed,False,,53,1,big,False,1.0,0.0,0.0,0.0,,Vector__XXX,,{}
0x1DA,474,x1DA,8,INVmc,10.0,Inverter (10ms),MG_InputVoltage,False,,0,8,little,False,2.0,0.0,0.0,508.0,V,Vector__XXX,,{}
0x1DA,474,x1DA,8,INVmc,10.0,Inverter (10ms),MG_EffectiveTorque,False,,18,11,big,True,0.5,0.0,-274.0,274.0,Nm,Vector__XXX,STMG -  Response from Inverter how much torque was applied (Demand is in 0x1D4) Note that value is 2S!,{}
0x1DA,474,x1DA,8,INVmc,10.0,Inverter (10ms),MG_OutputRevolution,False,,39,15,big,True,1.0,0.0,-16382.0,16382.0,rpm,Vector__XXX,,{}
0x1DA,474,x1DA,8,INVmc,10.0,Inverter (10ms),MG_CLOCK,False,,48,2,little,False,1.0,0.0,0.0,3.0,PRUN,Vector__XXX,"Detection of frozen data. Message-PRUN-Diag. The transmitting node adds a message counter of 2bits or more to the end of the last data area (or just before the checksum). The value of the counter, which is initially 0, increments by one everytime new data is transmitted, and returned to zero when reaching the max value. The receiving node lets the first message pass without check, but for second next message and following, it check whether the counter number is different from the previous message.",{}
0x1DA,474,x1DA,8,INVmc,10.0,Inverter (10ms),CRC_1DA,False,,56,8,little,False,1.0,0.0,0.0,0.0,CRC,Vector__XXX,CRC,{}
0x1DA,474,x1DA,8,INVmc,10.0,Inverter (10ms),MG_ErrorCodes,False,,50,6,little,False,1.0,0.0,0.0,0.0,status,Vector__XXX,,{}
0x1DB,475,x1DB,8,HVBAT,10.0,Lithium Battery Controller (10ms),LB_Current,False,,7,11,big,True,0.5,0.0,-400.0,200.0,A,Vector__XXX,"BatteryCurrentSignal , 2s comp, 1lSB = 0.5A",{}
0x1DB,475,x1DB,8,HVBAT,10.0,Lithium Battery Controller (10ms),LB_Relay_Cut_Request,False,,11,2,little,False,1.0,0.0,0.0,0.0,MODEMASK,Vector__XXX,00 = No-Request 01 = Main Relay OFF Request 10 = Main Relay OFF Request 11 = Main Relay OFF Request,"{0: 'No-Request', 1: 'Main Relay OFF Request', 2: 'Main Relay OFF Request', 3: 'Main Relay OFF Request'}"
0x1DB,475,x1DB,8,HVBAT,10.0,Lithium Battery Controller (10ms),LB_Failsafe_Status,False,,8,3,little,False,1.0,0.0,0.0,0.0,MODEMASK,Vector__XXX,,"{0: 'Normal Start Request', 1: 'Normal Stop Request', 2: 'Charging Mode Stop Request', 3: 'Charging Mode Stop Request & Normal Stop Request', 4: 'Caution Lamp Request', 5: 'Caution Lamp Request & Normal Stop Request', 6: 'Caution Lamp Request & Charging Mode Stop Request', 7: 'Caution Lamp Request & Charging Mode Stop Request & Normal Stop Request'}"
0x1DB,475,x1DB,8,HVBAT,10.0,Lithium Battery Controller (10ms),LB_Total_Voltage,False,,23,10,big,False,0.5,0.0,0.0,450.0,V,Vector__XXX,,{}
0x1DB,475,x1DB,8,HVBAT,10.0,Lithium Battery Controller (10ms),LB_MainRelayOn_flag,False,,29,1,little,False,1.0,0.0,0.0,0.0,MODEMASK,Vector__XXX,0h = No-Permission 1h = Main Relay On Permission,"{0: 'No-Permission', 1: 'Main Relay On Permission'}"
0x1DB,475,x1DB,8,HVBAT,10.0,Lithium Battery Controller (10ms),LB_Full_CHARGE_flag,False,,28,1,little,False,1.0,0.0,0.0,0.0,,Vector__XXX,,{}
0x1DB,475,x1DB,8,HVBAT,10.0,Lithium Battery Controller (10ms),LB_INTER_LOCK,False,,27,1,little,False,1.0,0.0,0.0,0.0,MODEMASK,Vector__XXX,0h = Not Inter Lock connected 1h = Inter Lock connected,"{0: 'Not Inter Lock connected', 1: 'Inter Lock connected'}"
0x1DB,475,x1DB,8,HVBAT,10.0,Lithium Battery Controller (10ms),LB_Discharge_Power_Status,False,,25,2,little,False,1.0,0.0,0.0,0.0,MODEMASK,Vector__XXX,00b = Reserved 01b = Normal limit POUT 10b = High rate limit POUT 11b = Immediate limit POUT,"{0: 'Reserved', 1: 'Normal limit POUT', 2: 'High rate limit POUT', 3: ' Immediate limit POUT'}"
0x1DB,475,x1DB,8,HVBAT,10.0,Lithium Battery Controller (10ms),LB_Voltage_Latch_Flag,False,,24,1,little,False,1.0,0.0,0.0,0.0,MODEMASK,Vector__XXX,,{}
0x1DB,475,x1DB,8,HVBAT,10.0,Lithium Battery Controller (10ms),LB_Usable_SOC,False,,32,7,little,False,1.0,0.0,0.0,0.0,,Vector__XXX,Contains SOC for dash. LB_USABLE_SOC is a 1% resolution 'proper' SOC calculated by the LBC and used by ABB chargers and the SOC display in the dash menu as well as the 3-light charging indicator on top of the dash [Needs to be copied to this location when doing 40/62kWh swaps into AZE0],{}
0x1DB,475,x1DB,8,HVBAT,10.0,Lithium Battery Controller (10ms),LB_PRUN_1DB,False,,48,2,little,False,1.0,0.0,0.0,0.0,,Vector__XXX,"MPR1DB Detection of frozen data. Message-PRUN-Diag. The transmitting node adds a message counter of 2bits or more to the end of the last data area (or just before the checksum). The value of the counter, which is initially 0, increments by one everytime new data is transmitted, and returned to zero when reaching the max value. The receiving node lets the first message pass without check, but for second next message and following, it check whether the counter number is different from the previous message.",{}
0x1DB,475,x1DB,8,HVBAT,10.0,Lithium Battery Controller (10ms),CRC_1DB,False,,56,8,little,False,1.0,0.0,0.0,0.0,CRC,Vector__XXX,CRC,{}
0x1DC,476,x1DC,8,HVBAT,10.0,Lithium Battery Controller (10ms),LB_Discharge_Power_Limit,False,,7,10,big,False,0.25,0.0,0.0,254.0,kW,Vector__XXX,Max available power that can be pulled from battery,{}
0x1DC,476,x1DC,8,HVBAT,10.0,Lithium Battery Controller (10ms),LB_Charge_Power_Limit,False,,13,10,big,False,0.25,0.0,0.0,254.0,kW,Vector__XXX,Max power that battery can be charged with,{}
0x1DC,476,x1DC,8,HVBAT,10.0,Lithium Battery Controller (10ms),LB_MAX_POWER_FOR_CHARGER,False,,19,10,big,False,0.1,-10.0,-10.0,90.0,kW,Vector__XXX,LB_BPCMAX,{}
0x1DC,476,x1DC,8,HVBAT,10.0,Lithium Battery Controller (10ms),LB_Charge_Power_Status,False,,24,2,little,False,1.0,0.0,0.0,0.0,MODEMASK,Vector__XXX,00b = Reserved 01b = Normal limit PIN 10b = High rate limit PIN 11b = Immediate limit PIN,"{0: 'Reserved', 1: 'Normal limit PIN', 2: 'High rate limit PIN', 3: 'Immediate limit PIN'}"
0x1DC,476,x1DC,8,HVBAT,10.0,Lithium Battery Controller (10ms),LB_BPCMAX_UPRATE,False,,37,3,little,False,1.0,0.0,0.0,0.0,MODEMASK,Vector__XXX,"BPC MAX Uprate Level 1-8. Dala: (CAN-bridge testing) This value specifies how quickly the VCM follows the requested power in \""LB_MAX_POWER_FOR_CHARGER\"".ZE0 Example, if Level 1 is selected and battery requests 45kW of quickcharging power, it will take 8minutes for power to ramp up from 0kW->45kW. If Level 8 is selected, it will take not ramp at all, and just intantaneously follow the requested power. If low level is forced, some quickcharging stations will fail to charge the vehicle, with an error message stating that too low current was demanded. Special notes for AZE0, the newer AZE0 VCM will ramp more aggressively at level 1 compared to ZE0, and no issues with fastcharging even though slow ramp rate is selected.","{0: 'BPC MAX Uprate Level 1', 1: 'BPC MAX Uprate Level 2', 2: 'BPC MAX Uprate Level 3', 3: 'BPC MAX Uprate Level 4', 4: 'BPC MAX Uprate Level 5', 5: 'BPC MAX Uprate Level 6', 6: 'BPC MAX Uprate Level 7', 7: 'BPC MAX Uprate Level 8'}"
0x1DC,476,x1DC,8,HVBAT,10.0,Lithium Battery Controller (10ms),LB_CODE_CONDITION,False,,34,3,little,False,1.0,0.0,0.0,0.0,,Vector__XXX,,{}
0x1DC,476,x1DC,8,HVBAT,10.0,Lithium Battery Controller (10ms),LB_CODE1,False,,33,8,big,False,1.0,0.0,0.0,0.0,,Vector__XXX,,{}
0x1DC,476,x1DC,8,HVBAT,10.0,Lithium Battery Controller (10ms),LB_CODE2,False,,41,8,big,False,1.0,0.0,0.0,0.0,,Vector__XXX,,{}
0x1DC,476,x1DC,8,HVBAT,10.0,Lithium Battery Controller (10ms),LB_PRUN_1DC,False,,48,2,little,False,1.0,0.0,0.0,3.0,,Vector__XXX,"Detection of frozen data. Message-PRUN-Diag. The transmitting node adds a message counter of 2bits or more to the end of the last data area (or just before the checksum). The value of the counter, which is initially 0, increments by one everytime new data is transmitted, and returned to zero when reaching the max value. The receiving node lets the first message pass without check, but for second next message and following, it check whether the counter number is different from the previous message.",{}
0x1DC,476,x1DC,8,HVBAT,10.0,Lithium Battery Controller (10ms),CRC_1DC,False,,56,8,little,False,1.0,0.0,0.0,0.0,CRC,Vector__XXX,CRC,{}
0x1F2,498,x1F2,8,VCM,10.0,Vehicle Control Module (10ms),HvBatChargeablePower,False,,1,10,big,False,0.1,-10.0,0.0,0.0,,Vector__XXX,,{}
0x1F2,498,x1F2,8,VCM,10.0,Vehicle Control Module (10ms),TargetCharge_SOC,False,,7,1,little,False,1.0,0.0,0.0,0.0,modemask,Vector__XXX,TCSOC,"{0: '100%', 1: 'Deteroiration Restraint 80%'}"
0x1F2,498,x1F2,8,VCM,10.0,Vehicle Control Module (10ms),Charge_StatusTransitionReqest,False,,21,2,little,False,1.0,0.0,0.0,3.0,modemask,Vector__XXX,CHG_STA_RQ,"{0: 'other', 1: 'Normal Charge', 2: 'Quick Charge', 3: 'Stop Request'}"
0x1F2,498,x1F2,8,VCM,10.0,Vehicle Control Module (10ms),Keep_SOC_Request,False,,20,1,little,False,1.0,0.0,0.0,0.0,modemask,Vector__XXX,"KEEP_SOC_REQ When the temperature in the battery pack is low outside the timer charge set time, VCM transmists a keep SOC request signal to LBC via CAN. In this case, the battery is not charged, and only battery heater is activated.","{0: 'Normal charge mode (Initial Value)', 1: 'Keep SOC charge mode'}"
0x1F2,498,x1F2,8,VCM,10.0,Vehicle Control Module (10ms),PCS_Connector_Detection,False,,17,1,little,False,1.0,0.0,0.0,0.0,modemask,Vector__XXX,PSCONDET,"{0: 'other', 1: 'Vehicle-to-Home mode'}"
0x1F2,498,x1F2,8,VCM,10.0,Vehicle Control Module (10ms),MPRUN,False,,48,2,little,False,1.0,0.0,0.0,0.0,,Vector__XXX,"Detection of frozen data. Message-PRUN-Diag. The transmitting node adds a message counter of 2bits or more to the end of the last data area (or just before the checksum). The value of the counter, which is initially 0, increments by one everytime new data is transmitted, and returned to zero when reaching the max value. The receiving node lets the first message pass without check, but for second next message and following, it check whether the counter number is different from the previous message.",{}
0x1F2,498,x1F2,8,VCM,10.0,Vehicle Control Module (10ms),Unknown_498,False,,63,1,little,False,1.0,0.0,0.0,0.0,,Vector__XXX,unknown - may indicate charging,{}
0x1F2,498,x1F2,8,VCM,10.0,Vehicle Control Module (10ms),CSUM_498,False,,56,4,little,False,1.0,0.0,0.0,0.0,,Vector__XXX,"Checksum. All message nibbles summed together, plus 2. End result in hex is anded with 0xF.",{}
0x1F2,498,x1F2,8,VCM,10.0,Vehicle Control Module (10ms),VcmMode,False,,47,8,big,False,1.0,0.0,0.0,0.0,,Vector__XXX,Unknown values. Consult provides raw data 0-255,{}
0x1F2,498,x1F2,8,VCM,10.0,Vehicle Control Module (10ms),DcDcConverterReqVoltage,False,,31,6,big,False,0.1,-10.0,0.0,0.0,V,Vector__XXX,,{}
0x284,644,x284,8,VCM,20.0,ABS module relayed via VCM to EV-CAN (20ms),LeftWheelSpeedSensor,False,,7,16,big,False,1.0,0.0,0.0,65535.0,pulses,Vector__XXX,2's comp,{}
0x284,644,x284,8,VCM,20.0,ABS module relayed via VCM to EV-CAN (20ms),RightWheelSpeedSensor,False,,23,16,big,False,1.0,0.0,0.0,65535.0,pulses,Vector__XXX,2's comp,{}
0x284,644,x284,8,VCM,20.0,ABS module relayed via VCM to EV-CAN (20ms),AverageRearSpeedSensor,False,,39,16,big,False,1.0,0.0,0.0,65535.0,pulses,Vector__XXX,??? speed sensor.  Maybe average of both rear? Or VehicleSpeedFromABS?,{}
0x284,644,x284,8,VCM,20.0,ABS module relayed via VCM to EV-CAN (20ms),DistanceTraveled1,False,,48,8,little,False,1.0,0.0,0.0,255.0,,Vector__XXX,00..ff (wraps ~360 times in a 25 mile drive),{}
0x284,644,x284,8,VCM,20.0,ABS module relayed via VCM to EV-CAN (20ms),DistanceTraveled2,False,,56,8,little,False,1.0,0.0,0.0,255.0,,Vector__XXX,00..ff (wraps ~360 times in a 25 mile drive),{}
0x390,912,x390,8,OBCpd,100.0,On Board Charger (100ms),OBC_Status_AC_Voltage,False,,27,2,little,False,1.0,0.0,0.0,3.0,status,Vector__XXX,ACVOLST - Type of AC voltage,"{0: 'No Signal', 1: '100V', 2: '200V', 3: 'Abnormal Wave'}"
0x390,912,x390,8,OBCpd,100.0,On Board Charger (100ms),OBC_Flag_QC_Relay_On_Announcemen,False,,38,1,little,False,1.0,0.0,0.0,1.0,status,Vector__XXX,FQCRELAYST - QC Relay announcement,"{1: 'Announce OFF', 2: 'Announce ON'}"
0x390,912,x390,8,OBCpd,100.0,On Board Charger (100ms),OBC_Flag_QC_IR_Sensor,False,,47,1,little,False,1.0,0.0,0.0,1.0,status,Vector__XXX,FQCIRSENS - QC IR Sensor,"{0: 'Without', 1: 'With'}"
0x390,912,x390,8,OBCpd,100.0,On Board Charger (100ms),OBC_Maximum_Charge_Power_Out,False,,40,9,big,False,0.1,0.0,0.0,50.0,kW,Vector__XXX,MAXCHGPOUT - Maximum power supplied by charger in kW,{}
0x390,912,x390,8,OBCpd,100.0,On Board Charger (100ms),PRUN_390,False,,60,2,little,False,1.0,0.0,0.0,3.0,PRUN,Vector__XXX,"Detection of frozen data. Message-PRUN-Diag. The transmitting node adds a message counter of 2bits or more to the end of the last data area (or just before the checksum). The value of the counter, which is initially 0, increments by one everytime new data is transmitted, and returned to zero when reaching the max value. The receiving node lets the first message pass without check, but for second next message and following, it check whether the counter number is different from the previous message.",{}
0x390,912,x390,8,OBCpd,100.0,On Board Charger (100ms),OBC_Charge_Status,False,,46,6,big,False,1.0,0.0,0.0,0.0,status,Vector__XXX,From OVMS code,"{1: 'Idle OR QC', 2: 'Finished', 4: 'Charging OR interrupted', 8: 'Idle', 9: 'Idle', 12: 'Plugged in waiting on timer'}"
0x390,912,x390,8,OBCpd,100.0,On Board Charger (100ms),CSUM_390,False,,56,4,little,False,1.0,0.0,0.0,16.0,CSUM,Vector__XXX,Sum of all nibbles (-4),{}
0x390,912,x390,8,OBCpd,100.0,On Board Charger (100ms),OBC_Charge_Power,False,,0,9,big,False,0.1,0.0,0.0,50.0,kW,Vector__XXX,Actual charger output - From OVMS code,{}
0x390,912,x390,8,OBCpd,100.0,On Board Charger (100ms),OBC_SleepEnabled,False,,3,2,big,False,1.0,0.0,0.0,0.0,,Vector__XXX,,{}
0x390,912,x390,8,OBCpd,100.0,On Board Charger (100ms),OBC_DcdcConvStatus,False,,26,2,big,False,1.0,0.0,0.0,0.0,,Vector__XXX,,{}
0x393,915,x393,8,OBCpd,100.0,On Board Charger (100ms),PRUN_393,False,,60,2,little,False,1.0,0.0,0.0,3.0,PRUN,Vector__XXX,"Detection of frozen data. Message-PRUN-Diag. The transmitting node adds a message counter of 2bits or more to the end of the last data area (or just before the checksum). The value of the counter, which is initially 0, increments by one everytime new data is transmitted, and returned to zero when reaching the max value. The receiving node lets the first message pass without check, but for second next message and following, it check whether the counter number is different from the previous message.",{}
0x393,915,x393,8,OBCpd,100.0,On Board Charger (100ms),Unknown_393_1,False,,8,8,little,False,1.0,0.0,0.0,0.0,,Vector__XXX,"Dala: 20 while idle, 53 while slowcharging",{}
0x393,915,x393,8,OBCpd,100.0,On Board Charger (100ms),Unknown_393_4,False,,32,8,little,False,1.0,0.0,0.0,0.0,,Vector__XXX,Dala: Always 20 in logs,{}
0x393,915,x393,8,OBCpd,100.0,On Board Charger (100ms),CSUM_393,False,,56,4,little,False,1.0,0.0,0.0,0.0,CSUM,Vector__XXX,Deviates from other CSUM: (All nibbles summed together)-1=CSUM,{}
0x481,1153,x481,2,Vector__XXX,500.0,??? Unknown sender module (500ms),Unknown_481_1,False,,0,8,little,False,1.0,0.0,0.0,0.0,,Vector__XXX,"Dala: Static 0x40, 0x4b while charging",{}
0x481,1153,x481,2,Vector__XXX,500.0,??? Unknown sender module (500ms),Unknown_481_2,False,,8,8,little,False,1.0,0.0,0.0,0.0,,Vector__XXX,Dala: Static 0x00,{}
0x50A,1290,x50A,8,VCM,,,Unknown_50A_0,False,,0,8,little,False,1.0,0.0,0.0,0.0,,Vector__XXX,"04,84,85",{}
0x50A,1290,x50A,8,VCM,,,Unknown_50A_1,False,,8,8,little,False,1.0,0.0,0.0,0.0,,Vector__XXX,"02,13,33,40,42,53,72,73",{}
0x50A,1290,x50A,8,VCM,,,Unknown_50A_2,False,,16,8,little,False,1.0,0.0,0.0,0.0,,Vector__XXX,"00,a0",{}
0x50A,1290,x50A,8,VCM,,,ACCompressorPressure,False,,24,8,little,False,1.0,0.0,0.0,0.0,,Vector__XXX,,{}
0x50A,1290,x50A,8,VCM,,,ACStatusBits_RestUnknown,False,,32,8,little,False,1.0,0.0,0.0,0.0,,Vector__XXX,"00,80  BIT1 = Rear defrost on/off",{}
0x50A,1290,x50A,8,VCM,,,Unknown_50A_5,False,,40,8,little,False,1.0,0.0,0.0,0.0,,Vector__XXX,a0,{}
0x50A,1290,x50A,8,VCM,,,Unknown_50A_6,False,,48,8,little,False,1.0,0.0,0.0,0.0,,Vector__XXX,"04 , Only present in 2013+ (otherwise frame stops at 6bytes)",{}
0x50A,1290,x50A,8,VCM,,,Unknown_50A_7,False,,56,8,little,False,1.0,0.0,0.0,0.0,,Vector__XXX,"00 , Only present in 2013+ (otherwise frame stops at 6bytes)",{}
0x50B,1291,x50B,7,VCM,100.0,Vehicle Control Module (100ms),DiagMuxOn_VCM,False,,18,1,little,False,1.0,0.0,0.0,0.0,,Vector__XXX,CANMASK,"{0: 'Storage of CAN mute/absent failures not authorized', 1: 'Storage of CAN mute/absent failures'}"
0x50B,1291,x50B,7,VCM,100.0,Vehicle Control Module (100ms),HCM_WakeUpSleepCmd,False,,30,2,little,False,1.0,0.0,0.0,0.0,,Vector__XXX,FirstFrameValueIfAlgorithmNotReady = 3,"{0: 'GoToSleep', 1: 'reserved', 2: 'reserved', 3: 'WakeUp'}"
0x50B,1291,x50B,7,VCM,100.0,Vehicle Control Module (100ms),Batt_Heater_Mail_Send_OK,False,,53,1,little,False,1.0,0.0,0.0,0.0,,Vector__XXX,,"{0: 'Mail send NG', 1: 'Mail send OK'}"
0x50B,1291,x50B,7,VCM,100.0,Vehicle Control Module (100ms),VcmActivation,False,,17,2,big,False,1.0,0.0,0.0,0.0,,Vector__XXX,,"{0: 'NON', 2: 'READY'}"
0x50C,1292,x50C,6,VCM,100.0,Vehicle Control Module (100ms),HCM_CLOCK_50C,False,,24,2,little,False,1.0,0.0,0.0,0.0,,Vector__XXX,"PRUN Detection of frozen data. Message-PRUN-Diag. The transmitting node adds a message counter of 2bits or more to the end of the last data area (or just before the checksum). The value of the counter, which is initially 0, increments by one everytime new data is transmitted, and returned to zero when reaching the max value. The receiving node lets the first message pass without check, but for second next message and following, it check whether the counter number is different from the previous message.",{}
0x50C,1292,x50C,6,VCM,100.0,Vehicle Control Module (100ms),ALU_QUESTION_FOR_LBC,False,,32,8,little,False,1.0,0.0,0.0,0.0,,Vector__XXX,B2h = first question 5Dh = second question,{}
0x50C,1292,x50C,6,VCM,100.0,Vehicle Control Module (100ms),CRC,False,,40,8,little,False,1.0,0.0,0.0,0.0,CRC,Vector__XXX,CRC,{}
0x54A,1354,x54A,8,HVAC,100.0,AC Auto Amp (100ms),CCStatusPlusUnknown,False,,0,8,little,False,1.0,0.0,0.0,0.0,,Vector__XXX,"12,3c- CC Off; a0,da- CC On",{}
0x54A,1354,x54A,8,HVAC,100.0,AC Auto Amp (100ms),Unknown_54A_1,False,,8,8,little,False,1.0,0.0,0.0,0.0,,Vector__XXX,00 (80 in 2013+),{}
0x54A,1354,x54A,8,HVAC,100.0,AC Auto Amp (100ms),Unknown_54A_2,False,,16,8,little,False,1.0,0.0,0.0,0.0,,Vector__XXX,70,{}
0x54A,1354,x54A,8,HVAC,100.0,AC Auto Amp (100ms),Unknown_54A_3,False,,24,8,little,False,1.0,0.0,0.0,0.0,,Vector__XXX,"06,0a,0b,0f",{}
0x54A,1354,x54A,8,HVAC,100.0,AC Auto Amp (100ms),ClimateControlSetpoint,False,,32,8,little,False,1.0,0.0,0.0,0.0,,Vector__XXX,"This data is only correct while climate control is active. If climate control isswitched OFF or activated by app, byte 4 reads as 0x00.",{}
0x54A,1354,x54A,8,HVAC,100.0,AC Auto Amp (100ms),Unknown_54A_5,False,,40,8,little,False,1.0,0.0,0.0,0.0,,Vector__XXX,00,{}
0x54A,1354,x54A,8,HVAC,100.0,AC Auto Amp (100ms),Unknown_54A_6,False,,48,8,little,False,1.0,0.0,0.0,0.0,,Vector__XXX,00,{}
0x54A,1354,x54A,8,HVAC,100.0,AC Auto Amp (100ms),AmbientTempAC,False,,56,8,little,False,1.0,0.0,0.0,0.0,,Vector__XXX,,{}
0x54B,1355,x54B,8,HVAC,100.0,AC Auto Amp (100ms),ClimateControlStatus1,False,,0,8,little,False,1.0,0.0,0.0,0.0,status,Vector__XXX,"00 CC on, 01 CC off (2013: 0x10 or 0x11)","{16: 'CC On', 17: 'CC Off', 0: 'CC On', 1: 'CC Off'}"
0x54B,1355,x54B,8,HVAC,100.0,AC Auto Amp (100ms),ClimateVentModeTarget,False,,16,8,little,False,1.0,0.0,0.0,0.0,status,Vector__XXX,(face/feet/defrost),"{128: 'CC OFF', 136: 'Face only', 144: 'Face/Feet', 152: 'Feet only', 160: 'Feet/Defrost', 168: 'Defrost only'}"
0x54B,1355,x54B,8,HVAC,100.0,AC Auto Amp (100ms),ClimateVentModeIntake,False,,24,8,little,False,1.0,0.0,0.0,0.0,status,Vector__XXX,(recirculating/fresh air/defrost),"{9: 'Recirculate', 18: 'Fresh air', 146: 'Defrost'}"
0x54B,1355,x54B,8,HVAC,100.0,AC Auto Amp (100ms),FanSpeed,False,,35,5,little,False,1.0,0.0,1.0,7.0,speed,Vector__XXX,1<->7 ,{}
0x54B,1355,x54B,8,HVAC,100.0,AC Auto Amp (100ms),CCButtonPress,False,,56,8,little,False,1.0,0.0,0.0,0.0,0/1,Vector__XXX,"Alternates after every CC button press, probably to alert A/V to display CC info",{}
0x54C,1356,x54C,8,HVAC,100.0,AC Auto Amp (100ms),ACEvaporatorTemperature,False,,0,8,little,False,1.0,0.0,0.0,0.0,0.25C/bit?,Vector__XXX,drops with ac on (after short lag).  No change with heater on,{}
0x54C,1356,x54C,8,HVAC,100.0,AC Auto Amp (100ms),CC_BackScreenDefrost,False,,9,1,little,False,1.0,0.0,0.0,1.0,-,Vector__XXX,Data only changes if climate control is activated or deactivated,"{0: 'Off', 1: 'On'}"
0x54C,1356,x54C,8,HVAC,100.0,AC Auto Amp (100ms),FanVoltage,False,,40,8,little,False,1.0,0.0,0.0,0.0,0.05 V/bit,Vector__XXX,Commanded fan speed is proportional to Voltage,{}
0x54C,1356,x54C,8,HVAC,100.0,AC Auto Amp (100ms),OutsideAmbientTemperature,False,,48,8,little,False,0.5,-40.5,-40.0,60.0,degC,Vector__XXX,"Ambient temperature. This one has half-degree C resolution and seems to stay within a degree or two of the \""eyebrow\"" temp display.",{}
0x54C,1356,x54C,8,HVAC,100.0,AC Auto Amp (100ms),CC_ClimateControlStatus,False,,10,1,little,False,1.0,0.0,0.0,1.0,-,Vector__XXX,Data only changes if climate control is activated or deactivated,"{0: 'Off', 1: 'On'}"
0x54C,1356,x54C,8,HVAC,100.0,AC Auto Amp (100ms),CC_ACStatus,False,,11,1,little,False,1.0,0.0,0.0,1.0,-,Vector__XXX,Data only changes if climate control is activated or deactivated,"{0: 'Off', 1: 'On'}"
0x54F,1359,x54F,8,HVAC,100.0,AC Auto Amp (100ms),InteriorIntakeTemp,False,,0,8,little,False,0.5,-14.0,0.0,0.0,degC,Vector__XXX,Climate control's measurement of temperature inside the car. Subtracting 14 is a bit of a guess worked out by observing how auto climate control reacts when this reaches the target setting.,{}
0x54F,1359,x54F,8,HVAC,100.0,AC Auto Amp (100ms),ACPowerConsumption,False,,8,8,little,False,1.0,0.0,0.0,0.0,50W/bit?,Vector__XXX,Rises to a steady value with ac on.  Off immediately with ac off.  No change with heater on,{}
0x54F,1359,x54F,8,HVAC,100.0,AC Auto Amp (100ms),ACAutoAmpStatus,False,,46,2,little,False,1.0,0.0,0.0,0.0,-,Vector__XXX,location?,{}
0x54F,1359,x54F,8,HVAC,100.0,AC Auto Amp (100ms),HeaterPowerConsumption,False,,40,6,little,False,1.0,0.0,0.0,0.0,300W/bit?,Vector__XXX,Goes up slowly with heater on; no change with ac on,{}
0x55A,1370,x55A,8,INVmc,100.0,Inverter (100ms),MotorTemperature,False,,32,8,little,False,1.0,0.0,0.0,255.0,dC*2,Vector__XXX,,{}
0x55A,1370,x55A,8,INVmc,100.0,Inverter (100ms),InverterComBoardTemp,False,,8,8,little,False,1.0,0.0,0.0,255.0,dC*2,Vector__XXX,Inverter communications board temp,{}
0x55A,1370,x55A,8,INVmc,100.0,Inverter (100ms),IGBTTemperature,False,,16,8,little,False,1.0,0.0,0.0,255.0,dC*2,Vector__XXX,,{}
0x55A,1370,x55A,8,INVmc,100.0,Inverter (100ms),IGBTDriverBoardTemperature,False,,29,6,big,False,1.0,0.0,0.0,255.0,dC*2,Vector__XXX,Temperature only active during drive (IGBT driver board?),{}
0x55A,1370,x55A,8,INVmc,100.0,Inverter (100ms),INV_SleepEnabled,False,,60,2,big,False,1.0,0.0,0.0,0.0,,Vector__XXX,,{}
0x55B,1371,x55B,8,HVBAT,100.0,Lithium Battery Controller (100ms),LB_SOC,False,,7,10,big,False,1.0,0.0,0.0,1000.0,%+1,Vector__XXX,"State of charge. LB_SOC is a 0.1% resolution SOC that is used on startup by Leaf Spy Pro and then ignored in favor of 0x7BB groups, and seemingly used nowhere in the car",{}
0x55B,1371,x55B,8,HVBAT,100.0,Lithium Battery Controller (100ms),LB_ALU_ANSWER,False,,16,8,little,False,1.0,0.0,85.0,170.0,,Vector__XXX,,{}
0x55B,1371,x55B,8,HVBAT,100.0,Lithium Battery Controller (100ms),LB_IR_Sensor_Wave_Voltage,False,,39,10,big,False,1.0,0.0,0.0,4990.0,mV (5000/1024),Vector__XXX,Internal resistance wave voltage,{}
0x55B,1371,x55B,8,HVBAT,100.0,Lithium Battery Controller (100ms),LB_IR_Sensor_Malfunction,False,,40,1,little,False,1.0,0.0,0.0,1.0,modemask,Vector__XXX,,"{0: 'Normal', 1: 'Malfunction'}"
0x55B,1371,x55B,8,HVBAT,100.0,Lithium Battery Controller (100ms),LB_Capacity_Empty,False,,55,1,little,False,1.0,0.0,0.0,1.0,modemask,Vector__XXX,,"{0: 'Not Empty', 1: 'Battery Empty'}"
0x55B,1371,x55B,8,HVBAT,100.0,Lithium Battery Controller (100ms),LB_SleepEnabled,False,,53,2,big,False,1.0,0.0,0.0,3.0,modemask,Vector__XXX,,"{0: 'Reserved', 1: 'RefuseToSleep', 2: 'ReadyToSleep', 3: 'Reserved'}"
0x55B,1371,x55B,8,HVBAT,100.0,Lithium Battery Controller (100ms),LB_PRUN_55B,False,,48,2,little,False,1.0,0.0,0.0,3.0,,Vector__XXX,"Detection of frozen data. Message-PRUN-Diag. The transmitting node adds a message counter of 2bits or more to the end of the last data area (or just before the checksum). The value of the counter, which is initially 0, increments by one everytime new data is transmitted, and returned to zero when reaching the max value. The receiving node lets the first message pass without check, but for second next message and following, it check whether the counter number is different from the previous message.",{}
0x55B,1371,x55B,8,HVBAT,100.0,Lithium Battery Controller (100ms),CRC_55B,False,,56,8,little,False,1.0,0.0,0.0,0.0,CRC,Vector__XXX,CRC,{}
0x56E,1390,x56E,1,TCU,,,Unknown_56E_0,False,,0,8,little,False,1.0,0.0,0.0,0.0,,Vector__XXX,,{}
0x59E,1438,x59E,8,HVBAT,500.0,Lithium Battery Controller (500ms),LB_Full_Capacity_for_QC,False,,20,9,big,False,100.0,0.0,0.0,50000.0,Wh,Vector__XXX,,{}
0x59E,1438,x59E,8,HVBAT,500.0,Lithium Battery Controller (500ms),LB_Remain_Capacity_for_QC,False,,27,9,big,False,100.0,0.0,0.0,50000.0,Wh,Vector__XXX,,{}
0x5A9,1449,x5A9,8,VCM,,,ECOmodeActive,False,,0,2,little,False,1.0,0.0,0.0,0.0,,Vector__XXX,"Active during drive, FF charge","{2: 'ECO On', 1: 'ECO Off', 255: 'Charging'}"
0x5A9,1449,x5A9,8,VCM,,,RangeInstrumentCluster,False,,15,12,big,False,0.2,0.0,0.0,819.0,km,Vector__XXX,Taken from OVMS code. 0xFFF when charging,{}
0x5A9,1449,x5A9,8,VCM,,,LowBattery,False,,16,1,little,False,1.0,0.0,0.0,0.0,,Vector__XXX,Low Battery (Message and tell-tale),{}
0x5A9,1449,x5A9,8,VCM,,,CriticalBattery,False,,43,1,little,False,1.0,0.0,0.0,0.0,,Vector__XXX,GOM Flash (critical battery),{}
0x5A9,1449,x5A9,8,VCM,,,ChargingDisabled,False,,57,1,little,False,1.0,0.0,0.0,0.0,,Vector__XXX,"Charging Disabled, Battery Lease Contract",{}
0x5B9,1465,x5B9,7,VCM,500.0,Vehicle Control Module (500ms) (Only env200 and USDM LEAF?),ActiveFuelBars,False,,3,5,little,False,1.0,0.0,0.0,12.0,-,Vector__XXX,From VCM->Cluster,{}
0x5B9,1465,x5B9,7,VCM,500.0,Vehicle Control Module (500ms) (Only env200 and USDM LEAF?),ChargeMinutesRemaining,False,,2,11,big,False,1.0,0.0,0.0,2047.0,minutes,Vector__XXX,,{}
0x5B9,1465,x5B9,7,VCM,500.0,Vehicle Control Module (500ms) (Only env200 and USDM LEAF?),ChargeTime_100V,False,,18,11,big,False,1.0,0.0,0.0,0.0,,Vector__XXX,,{}
0x5BC,1468,x5BC,8,HVBAT,100.0,Lithium Battery Controller (100ms),LB_Remain_Capacity_GIDS,False,,7,10,big,False,1.0,0.0,0.0,500.0,gids,Vector__XXX,,{}
0x5BC,1468,x5BC,8,HVBAT,100.0,Lithium Battery Controller (100ms),LB_Remaining_Capacity_Segments,False,,16,8,little,False,1.0,0.0,0.0,240.0,,Vector__XXX,"Contains chargebars and capacitybars, alternating depending on mux. Simplified lower down in the message",{}
0x5BC,1468,x5BC,8,HVBAT,100.0,Lithium Battery Controller (100ms),LB_Temperature_Segment_For_Dash,False,,24,8,little,False,0.4166666,0.0,0.0,100.0,%,Vector__XXX,"For instrumentation cluster. Unit is %, times 5/12 according to documentation, kinda strange .Should be average of the 3 sensors inside the battery pack.",{}
0x5BC,1468,x5BC,8,HVBAT,100.0,Lithium Battery Controller (100ms),LB_Capacity_Deterioration_Rate,False,,33,7,little,False,1.0,0.0,0.0,100.0,%,Vector__XXX,"SOH (State-of-Health) Effects the charge gauge, lower numbers mean more chargebars",{}
0x5BC,1468,x5BC,8,HVBAT,100.0,Lithium Battery Controller (100ms),LB_Remain_Cap_Segment_Swit_Flag,False,,32,1,little,False,1.0,0.0,0.0,1.0,status,Vector__XXX,,"{0: 'Remaining capacity', 1: 'Full capacity'}"
0x5BC,1468,x5BC,8,HVBAT,100.0,Lithium Battery Controller (100ms),LB_Output_Power_Limit_Reason,False,,45,3,little,False,1.0,0.0,0.0,7.0,modemask,Vector__XXX,Indicates why power is limited,"{0: 'Normal', 1: 'Capacity drop', 2: 'LBC Malfunction', 3: 'High temperature', 4: 'Low temperature', 5: 'reserved', 6: 'reserved', 7: 'reserved'}"
0x5BC,1468,x5BC,8,HVBAT,100.0,Lithium Battery Controller (100ms),LB_Remain_Charge_Time_Condition,False,,41,5,big,False,1.0,0.0,0.0,30.0,modemask,Vector__XXX,,"{0: 'Quickcharge', 5: 'Normal Charge 6kW Full', 8: 'Normal Charge 200V Full', 11: 'Normal Charge 100V Full', 18: 'Normal Charge 6kW 80%', 21: 'Normal Charge 200V 80%', 24: 'Normal Charge 100V 80%'}"
0x5BC,1468,x5BC,8,HVBAT,100.0,Lithium Battery Controller (100ms),LB_Remain_Charge_Time,False,,52,13,big,False,1.0,0.0,0.0,8190.0,minutes,Vector__XXX,"1FFFh is used as \""Unavailable value\""",{}
0x5BC,1468,x5BC,8,HVBAT,100.0,Lithium Battery Controller (100ms),Mux_5BC,True,,32,4,little,False,1.0,0.0,0.0,0.0,,Vector__XXX,Multiplexor,{}
0x5BC,1468,x5BC,8,HVBAT,100.0,Lithium Battery Controller (100ms),LB_MaxGIDS,False,,44,1,little,False,1.0,0.0,0.0,0.0,,Vector__XXX,"Only 30kWh AZE0 has this. When this value is 1, the GIDS number is at its maximum.(LB_Remain_Capacity_GIDS)",{}
0x5C0,1472,x5C0,8,HVBAT,500.0,Lithium Battery Controller (500ms),LB_Historical_Data_Swich_Flag,True,,6,2,little,False,1.0,0.0,0.0,3.0,mux,Vector__XXX,Mux for historical data signals,"{0: 'Not Calculated', 1: 'Maximum Data', 2: 'Average Data', 3: 'Minimum Data'}"
0x5C0,1472,x5C0,8,HVBAT,500.0,Lithium Battery Controller (500ms),LB_Heating_Start_Send_Request,False,,5,1,little,False,1.0,0.0,0.0,1.0,status,Vector__XXX,0->1 Heat start Mail send request,{}
0x5C0,1472,x5C0,8,HVBAT,500.0,Lithium Battery Controller (500ms),LB_Heating_Stop_Send_Request,False,,4,1,little,False,1.0,0.0,0.0,1.0,status,Vector__XXX,0->1 Heat stop Mail send request,{}
0x5C0,1472,x5C0,8,HVBAT,500.0,Lithium Battery Controller (500ms),Batt_Heater_Mail_Send_Request,False,,8,1,little,False,1.0,0.0,0.0,1.0,status,Vector__XXX,,"{0: 'No request', 1: 'Mail send request'}"
0x5C0,1472,x5C0,8,HVBAT,500.0,Lithium Battery Controller (500ms),LB_HEATEXIST,False,,32,1,little,False,1.0,0.0,0.0,1.0,status,Vector__XXX,Specifies if battery pack is equipped with heating elements,"{0: 'Without Battery Heating', 1: 'With Battery Heating'}"
0x5C0,1472,x5C0,8,HVBAT,500.0,Lithium Battery Controller (500ms),LB_NextWakeupTimeForBatterHeater,False,,48,5,little,False,1.0,0.0,0.0,1800.0,minutes,Vector__XXX,,{}
0x5C0,1472,x5C0,8,HVBAT,500.0,Lithium Battery Controller (500ms),LB_Diagnosis_Trouble_Code,False,,56,8,little,False,1.0,0.0,0.0,255.0,DTC,Vector__XXX,,{}
0x60D,1549,x60D,8,Vector__XXX,100.0,"??? e-NV200 only, Unknown sender module (100ms) ",Unknown_60D_0,False,,0,8,little,False,1.0,0.0,0.0,0.0,,Vector__XXX,Values seen: 00 08 10 14,{}
0x60D,1549,x60D,8,Vector__XXX,100.0,"??? e-NV200 only, Unknown sender module (100ms) ",Unknown_60D_1,False,,8,8,little,False,1.0,0.0,0.0,0.0,,Vector__XXX,Values seen: 00 04 06,{}
